"","LocalityCode","ExperimentID","Region","DistrictID","LocalityName","Treatment","Longitude","Latitude","Clear cut","Year initiated","LiDAR data from year","Point density (/m^2)","Resolution (m)","Mean","Median","SD","Min","Max","X1st.Qu.","X3rd.Qu."
"1","1BBB","{D6B2FD7A-15C4-4670-B026-3602BBEA1089}","Trondelag",1702,"steinkjer_1BBb","B",11891657,64213491,"2005",2008,2011,2,"0,5",0.105052757969716,0.0649999976158142,0.136033180233822,-0.123000003397465,0.819000005722046,0.0179999992251396,0.145999997854233
"2","1BBUB","{38DA5D4B-31DA-44A6-A087-D602E9C69D3E}","Trondelag",1702,"steinkjer_1BBb","UB",11892633,64213433,"2005",2008,2011,2,"0,5",0.15554822394258,0.0944999977946281,0.20051225624833,-0.209000006318092,1.1360000371933,0.0219999998807907,0.218249998986721
"3","1CAB","{95EDA0E0-4702-4DAF-A9E5-D1AAE8EF6B30}","Telemark",806,"Nome_Cappelen1","B",9262933,59141608,"2006",2009,2017,2,"0,5",0.212220429511045,0.104000002145767,0.335401451436714,-0.187000006437302,1.75399994850159,0.0379999987781048,0.217249993234873
"4","1CAUB","{C860FA23-A806-4B1A-90A9-084A813B1A50}","Telemark",806,"Nome_Cappelen1","UB",9263685,59141688,"2006",2009,2017,2,"0,5",0.299851009619276,0.0879999995231628,0.59262313622045,-0.187999993562698,3.36700010299683,0.0270000007003546,0.20100000500679
"5","1DRB","{89274CF3-A2AB-493F-B1A7-85568BEA0856}","Telemark",817,"Drangedal1","B",9146759,59129363,"2005",2009,2017,2,"0,5",0.724767388548418,0.36599999666214,0.733789546035406,-0.0710000023245811,4.13500022888184,0.152999997138977,1.2150000333786
"6","1DRUB","{60E7D4D8-86FE-4751-A9B4-1E8270B36310}","Telemark",817,"Drangedal1","UB",9147015,5912789,"2005",2009,2017,2,"0,5",0.89349748748536,0.766999989748001,0.763256688596589,-0.0320000015199184,2.97000002861023,0.150000002235174,1.51875004172325
"7","1FRB","{6D6A5302-BEF1-4207-99AF-70D46B036A98}","Telemark",604,"Fritsoe1","B",9739193,59416329,"2009",2009,2017,2,"0,5",0.86256351190303,0.28999999165535,0.987658366678286,-0.0469999983906746,4.16499996185303,0.116999998688698,1.50699996948242
"8","1FRUB","{509F49A6-7A67-4F86-860C-C99CA5E73473}","Telemark",604,"Fritsoe1","UB",9738498,59415974,"2009",2009,2017,2,"0,5",1.4471953509213,1.48949998617172,0.902512956226435,-0.061999998986721,4.80600023269653,0.842500001192093,1.99500000476837
"9","1FYB","{8CE41C97-B47B-498D-B8DE-F9318B06F05C}","Telemark",831,"Furesdal","B",8092094,59336119,"2007",2009,2017,2,"0,5",0.256416666238159,0.159999996423721,0.350347733996896,-0.0579999983310699,2.58299994468689,0.0839999988675117,0.272000007331371
"10","1FYUB","{E1EB36B9-CF96-424C-AE4B-59F4DA0ECB54}","Telemark",831,"Furesdal","UB",8092528,59336993,"2007",2009,2017,2,"0,5",0.765572700937602,0.221000000834465,1.18438930762097,-0.209999993443489,5.48400020599365,0.11599999666214,1.01900005340576
"11","1KB","{2FF62A21-F59E-4A0E-AE79-926652BB96C0}","Trondelag",1725,"namdalseid_1kub","B",11319426,64264537,"2006",2008,2010,2,"0,5",0.129218140280598,0.00400000018998981,0.687737563810793,-0.151999995112419,6.99499988555908,-0.0149999996647239,0.0405000001192093
"12","1KUB","{36856F81-364E-4F86-B5D1-AA06D7E3475F}","Trondelag",1725,"namdalseid_1kub","UB",11318889,64263747,"2006",2008,2010,2,"0,5",0.244896724315768,0.0900000035762787,0.623890689604351,-0.143999993801117,5.73299980163574,0.0240000002086163,0.273000001907349
"13","1KVB","{55C2C199-CD2E-4DAB-992F-6154F9BBD327}","Telemark",829,"Kviteseid1","B",8198916,59343617,"2004",2009,2017,5,"0,25",1.1901827429254,0.341499999165535,1.40837353414544,-0.0850000008940697,5.72599983215332,0.145249996334314,1.98824998736382
"14","1KVUB","{69BD18EC-1914-49D9-8917-D51244471E62}","Telemark",829,"Kviteseid1","UB",819852,593433,"2004",2009,2017,5,"0,25",1.69761136832054,1.83849996328354,1.21336918786112,-0.0649999976158142,4.44899988174438,0.270750001072884,2.66199994087219
"15","1NSB","{458C6729-4246-48A6-99BF-6BD563D4CAC1}","Trondelag",1721,"Nsb_Verdal","B",11577472,63843674,"2006",2008,2015,2,"0,5",0.0569086417820259,0.0240000002086163,0.0914583654252906,-0.0890000015497208,0.560000002384186,0.00100000004749745,0.0850000008940697
"16","1NSUB","{E8CDF86B-92A0-403D-BE65-093281A19FAA}","Trondelag",1721,"Nsb_Verdal","UB",1157849,63843925,"2006",2008,2015,2,"0,5",0.13729629590475,0.0920000001788139,0.212901281945402,-0.0989999994635582,2.76699995994568,0.046000000089407,0.175999999046326
"17","1SB","{8DB1F626-7072-4F7F-BF3E-E55BEA21899C}","Trondelag",1725,"Sub_Namdalseid","B",11314401,64181582,"2004",2008,2010,2,"0,5",0.186951220505757,0.123500000685453,0.368099973995342,-0.0790000036358833,4.07800006866455,0.0710000023245811,0.194000005722046
"18","1SUB","{A646BDBC-873B-44BB-B67B-39EA64394AD4}","Trondelag",1725,"Sub_Namdalseid","UB",11313697,64181336,"2004",2008,2010,2,"0,5",0.152450494683465,0.0989999994635582,0.266581005503802,-0.105999998748302,4.34299993515015,0.0370000004768372,0.193250004202127
"19","1VBB","{E96AC791-4752-4456-87D7-CBD160AA2E1C}","Trondelag",1721,"verdal_1vb","B",11793287,63721556,"2005",2008,2015,2,"0,5",0.216583332660819,0.104999996721745,0.648831700695511,-0.732999980449677,5.06699991226196,0.0587499998509884,0.16525000333786
"20","1VBUB","{60964B66-8484-4E24-9619-4CA7D5507D5F}","Trondelag",1721,"verdal_1vb","UB",11793114,63721926,"2005",2008,2015,2,"0,5",0.266489106051446,0.108000002801418,0.674333087613496,-0.122000001370907,4.88700008392334,0.0599999986588955,0.168999999761581
"21","2BBB","{F14CE361-4908-4F0F-BD55-6DB6409E770C}","Trondelag",1702,"steinkjer_2BBb","B",1186149,64199944,"2004",2008,2011,2,"0,5",0.291672679005472,0.0740000009536743,0.613744173662136,-0.100000001490116,4.92999982833862,0.0217499998398125,0.234749998897314
"22","2BBUB","{1EEE9DB5-04D1-4E73-90B6-A852830DAADE}","Trondelag",1702,"steinkjer_2BBb","UB",11860742,64199657,"2004",2008,2011,2,"0,5",0.540061009660257,0.0780000016093254,1.27757181961354,-0.160999998450279,8.75699996948242,0.0270000007003546,0.337999999523163
"23","2CAB","{1345C5C5-BA31-49C1-BB59-BC222904C1F0}","Telemark",819,"Nome_Cappelen2","B",912481,59262313,"2006",2009,2017,2,"0,5",0.380803571209461,0.104000002145767,0.637657476008758,-0.125,3.3659999370575,0.0350000001490116,0.28999999165535
"24","2CAUB","{F17E7D99-B3D6-4D0A-BF35-16171967FF10}","Telemark",819,"Nome_Cappelen2","UB",9124931,592619,"2006",2009,2017,2,"0,5",0.765922461321981,0.20099999755621,0.906725121328793,-0.12899999320507,3.17400002479553,0.0637500006705523,1.58774998784065
"25","2FRB","{DD38A6C0-256F-4B6F-87C4-630837EB525D}","Telemark",728,"Fritsoe2","B",9823752,59367768,"2005",2009,2017,2,"0,5",0.854038740012436,0.296000003814697,1.2879171693095,-0.24099999666214,7.24200010299683,0.0879999995231628,1.15499997138977
"26","2FRUB","{935BC523-6BFE-4F42-B2B8-2183C5CA614F}","Telemark",728,"Fritsoe2","UB",9823527,59367231,"2005",2009,2017,2,"0,5",1.47146511385675,1.56299996376038,1.08134329418045,-0.156000003218651,6.2519998550415,0.395999997854233,2.13699996471405
"27","2KVB","{4BCAF02B-97BF-4422-8227-AC3B19CDBD78}","Telemark",829,"Kviteseid2","B",8549483,5930875,"2005",2009,2017,5,"0,25",0.956211164489714,0.77250000834465,0.904955285230642,-0.0439999997615814,5.58199977874756,0.247749995440245,1.32425001263618
"28","2KVUB","{9616FB08-9897-401F-967C-170DBDDBF4A5}","Telemark",829,"Kviteseid2","UB",8549302,59309171,"2005",2009,2017,5,"0,25",1.50583744001359,1.22949999570847,1.38756359428729,-0.0839999988675117,6.76300001144409,0.224750004708767,2.36675006151199
"29","2VBB","{6F5CBF6D-8525-4E42-A004-02A1A138E474}","Trondelag",1721,"verdal_2VB","B",11678672,637363,"2003",2008,2015,2,"0,5",0.567233490816676,0.33950001001358,0.585654698825655,-0.0689999982714653,3.25699996948242,0.113500000908971,0.93724998831749
"30","2VBUB","{62C3914B-ECCA-4DE4-BCDA-0CD1C5B889F8}","Trondelag",1721,"verdal_2VB","UB",11679582,63736321,"2003",2008,2015,2,"0,5",1.6071785787697,1.68550002574921,1.19681600983917,-0.0529999993741512,5.03399991989136,0.313750013709068,2.51925009489059
"31","3DRB","{BCCE747C-640D-43AB-851D-356BB2A3A7CC}","Telemark",817,"Drangedal3","B",8834496,59056436,"2007",2009,2016,2,"0,5",0.0915438149867882,0.0469999983906746,0.221326635235972,-0.0740000009536743,2.45600008964539,0.0179999992251396,0.0905000027269125
"32","3DRUB","{3B0971EB-C941-4DF0-84F2-2ECC71B0BFE7}","Telemark",817,"Drangedal3","UB",8833796,59056992,"2007",2009,2016,2,"0,5",0.261183675780075,0.0549999997019768,0.660114773731643,-0.0659999996423721,4.61700010299683,0.0240000002086163,0.133000001311302
"33","3KVB","{E82B89F3-5ECE-4C35-830A-D3D79D974057}","Telemark",829,"Kviteseid3","B",8267729,59372355,"2000",2009,2017,5,"0,25",0.802549872254414,0.284999996423721,1.07582616885211,-0.127000004053116,5.26399993896484,0.168999999761581,1.18150001764297
"34","3KVUB","{9F2668F4-60F3-4EC2-A3F5-C7F7B36F4836}","Telemark",829,"Kviteseid3","UB",8266754,593727,"2000",2009,2017,5,"0,25",0.989695650640541,0.944000005722046,0.802685197687854,-0.0640000030398369,3.63899993896484,0.224749997258186,1.59274998307228
"35","3NOB","{B904F9DB-5F92-4886-B4A5-C5D99FE8E757}","Telemark",807,"Notodden3","B",9080254,59676721,"2002",2009,2017,5,"0,25",0.888706699265361,0.554000020027161,0.812924431167393,-0.068000003695488,3.28200006484985,0.185000002384186,1.44099998474121
"36","3NOUB","{19DDB1ED-1B2C-4ED5-999A-41A3DC3947FF}","Telemark",807,"Notodden3","UB",9080717,59677287,"2002",2009,2017,5,"0,25",1.12241627908268,1.16299998760223,0.928418847899155,-0.100000001490116,4.09100008010864,0.212249998003244,1.79875001311302
"37","4DRB","{91B5699A-9A5B-490F-B59B-330ABB953204}","Telemark",817,"Drangedal4","B",8822521,59022177,"2007",2009,2016,2,"0,5",0.949242132564795,0.828999996185303,0.875525207031252,-0.0740000009536743,5.39300012588501,0.48199999332428,1.05499994754791
"38","4DRUB","{C88B0D7B-54A5-4CA2-8515-F474DA756009}","Telemark",817,"Drangedal4","UB",8822454,59021728,"2007",2009,2016,2,"0,5",2.34772389858373,2.41199994087219,0.772877860006278,0.0320000015199184,4.67399978637695,1.77399998903275,2.92750000953674
"39","5NOB","{6B9FC135-1645-4D40-9236-E7C702EA5024}","Telemark",807,"Notodden5","B",8970883,59694837,"2007",2009,2017,2,"0,5",0.406247421944893,0.218999996781349,0.51889328648984,-0.579999983310699,2.7039999961853,0.0949999988079071,0.461249992251396
"40","5NOUB","{7342BD69-A5CE-4A8D-82D7-9E844C414A91}","Telemark",807,"Notodden5","UB",8970475,59694495,"2007",2009,2017,2,"0,5",0.643162291463096,0.25,0.785294150948776,-0.190999999642372,3.49499988555908,0.091499999165535,1.08300000429153
"41","6NOB","{2794FC4A-44B8-4385-8623-C70616E46628}","Telemark",807,"Notodden6","B",9010986,5955497,"2003",2009,2017,2,"0,5",0.664381176672657,0.230000004172325,0.861165651531926,-0.103000000119209,4.72499990463257,0.112000003457069,1.08800005912781
"42","6NOUB","{739EBAA5-D414-4753-93CF-5A96CFD3A9E4}","Telemark",807,"Notodden6","UB",9011906,59554755,"2003",2009,2017,2,"0,5",1.03620902460949,0.745000004768372,1.05496989236954,-0.158999994397163,4.94199991226196,0.12899999320507,1.69700002670288
"43","BRB","{5008C498-58CA-4083-AEC2-EE4EEB7277C1}","Trondelag",1601,"Bratsberg","B",10473511,63352546,"2002",2008,2017,5,"0,25",0.427393586708792,0.158999994397163,0.756958162232699,-0.0430000014603138,5.06400012969971,0.104000002145767,0.280000001192093
"44","BRUB","{3CE45121-C8C0-4908-987F-2A1EB936498E}","Trondelag",1601,"Bratsberg","UB",10472432,63352243,"2002",2008,2017,5,"0,25",2.13904225370522,2.30850005149841,1.21724242163367,-0.293000012636185,6.26700019836426,1.48924997448921,2.90200006961823
"45","DHB","{34F34035-183F-4824-A89B-D585F86C1CD3}","Hedmark",221,"Didrik Holmsen","B",11427864,59852391,"2007/8",2010,2018,5,"0,25",0.649048275698576,0.233999997377396,0.754397991269342,-0.00800000037997961,3.62599992752075,0.149500004947186,0.991499990224838
"46","DHUB","{6CBCEABA-5AC6-4E56-9AA0-070764F333D4}","Hedmark",221,"Didrik Holmsen","UB",11427313,59850922,"2007/8",2010,2018,5,"0,25",1.37802746100245,1.37800002098083,0.993124624204637,-0.00800000037997961,4.73000001907349,0.354000002145767,2.03299999237061
"47","FKB","{34076428-DBE8-4640-87BB-7304F3782B8D}","Hedmark",227,"Fet 3","B",11262528,5982754,"2008/9",2011,2016,5,"0,25",0.563066667074273,0.537000000476837,0.257483277386139,-0.0719999969005585,1.99399995803833,0.407000005245209,0.672499984502792
"48","FKUB","{ABD40618-B381-4973-84CB-072C9B2E0FB8}","Hedmark",227,"Fet 3","UB",11260981,59828745,"2008/9",2011,2016,5,"0,25",1.24319727871305,1.09300005435944,0.772436683318376,-0.109999999403954,6.61800003051758,0.684000015258789,1.65299999713898
"49","FLB","{D701FCEB-1D2B-4CAF-A5F6-2947B5CAA2FE}","Trondelag",1664,"Selbu_Flub","B",11038617,63254449,"2004",2008,2015,2,"0,5",1.66651620670287,1.70199996232986,1.37705528518737,-0.00700000021606684,5.87599992752075,0.0930000022053719,2.77724999189377
"50","FLUB","{9B4F9B67-39BA-45B2-9320-ED5C8EBFFB3F}","Trondelag",1664,"Selbu_Flub","UB",11038505,632549,"2004",2008,2015,2,"0,5",1.40290329890915,1.33149999380112,1.35741687771426,-0.0590000003576279,5.52400016784668,0.0729999989271164,2.48925006389618
"51","HIB","{B6F75EEC-1139-48B1-8148-E89730762065}","Trondelag",1665,"Hi_tydal","B",11411862,63098123,"2005",2008,2015,2,"0,5",0.558368909693206,0.231000006198883,0.698485294796595,-0.0599999986588955,3.61100006103516,0.149000003933907,0.703999996185303
"52","HIUB","{4293E6E3-8FD7-4E28-8D12-B9A66011FE89}","Trondelag",1665,"Hi_tydal","UB",11411103,6309807,"2005",2008,2015,2,"0,5",1.88257870700262,1.99050003290176,1.03879054293892,-0.0810000002384186,4.1710000038147,1.24649998545647,2.64424991607666
"53","HPB","{365B9355-105E-4EEA-B946-3EF224DF1129}","Hedmark",420,"Halvard Pramhus","B",12156934,60095024,"2007/8",2010,2016,5,"0,25",0.58492129736179,0.253499999642372,0.707958567789253,-0.0299999993294477,4.44899988174438,0.141000002622604,0.894750013947487
"54","HPUB","{768B55CE-D7B2-42F7-BDFA-709547A85DD8}","Hedmark",420,"Halvard Pramhus","UB",12156633,60095602,"2007/8",2010,2016,5,"0,25",1.22550115056668,1.20000004768372,1.17050482637136,-0.0520000010728836,6.36399984359741,0.189499996602535,1.89449995756149
"55","KLB","{436D050D-BBC7-4E3F-A530-824096A01910}","Trondelag",1664,"Selbu_kl","B",11031603,63192682,"2003",2008,2015,2,"0,5",0.113526502119002,0.0379999987781048,0.377629357433783,-0.208000004291534,3.82399988174438,0.00600000005215406,0.104000002145767
"56","KLUB","{08BA3586-B495-4ADD-A054-EBBC42C0CF98}","Trondelag",1664,"Selbu_kl","UB",11031679,63193102,"2003",2008,2015,2,"0,5",0.196003195316235,0.00849999999627471,1.21508090897392,-0.137999996542931,11.4169998168945,-0.00400000018998981,0.0320000015199184
"57","LAB","{9DE16EE8-98D4-4615-90E6-B728C2FB5200}","Trondelag",1648,"Singsaas","B",10943145,62967839,"2005",2008,2015,2,"0,5",0.195805897931934,0.096000000834465,0.410008906739098,-0.0350000001490116,2.74699997901917,0.0540000014007092,0.17399999499321
"58","LAUB","{119DA686-F1E8-4F5B-95FE-614D3947E56C}","Trondelag",1648,"Singsaas","UB",10942996,6296731,"2005",2008,2015,2,"0,5",0.215802325885256,0.100500002503395,0.420954582512412,-0.194000005722046,3.3289999961853,0.0522500006482005,0.175749998539686
"59","MAB","{8F9EE1BA-2745-472A-B431-7B04373DEDE1}","Trondelag",1663,"Malvik","B",10725884,63358705,"2002",2008,2016,2,"0,25",0.413341902637828,0.0920000001788139,0.967624458053833,-0.137999996542931,6.38600015640259,0.0230000000447035,0.25
"60","MAUB","{2CAF8C2B-43AF-4852-84CC-15A729BAFBB8}","Trondelag",1663,"Malvik","UB",1072509,63358309,"2002",2008,2016,2,"0,25",1.40626146546202,1.36000001430511,1.19850591247234,-0.0839999988675117,4.48400020599365,0.160250000655651,2.27875006198883
"61","SDB","{03B88C45-067F-4AEF-BC66-077159CD936F}","Hedmark",221,"Stig Dahlen","B",11511604,59958474,"2007/8",2010,2017,2,"0,5",0.478016786027155,0.356000006198883,0.475207116555835,-0.0790000036358833,2.9539999961853,0.101999998092651,0.694999992847443
"62","SDUB","{ED0CE7FA-1B39-4F39-A7F2-CADBF94D7BF7}","Hedmark",221,"Stig Dahlen","UB",11510852,59957798,"2007/8",2010,2017,2,"0,5",2.86041246752123,2.94600009918213,1.01684511786523,-0.0799999982118607,6.61899995803833,2.29200005531311,3.57800006866455
"63","SEB","{497016A2-081F-4D12-B7B2-42BEA56B357F}","Trondelag",1665,"Sl_Tydal","B",11422647,63046955,"2005",2008,2015,2,"0,5",0.286093677692901,0.0829999968409538,0.556422485222105,-0.118000000715256,5.01999998092651,0.025000000372529,0.251499995589256
"64","SEUB","{FD109D9F-AE24-40DC-8D00-FAC2D3483C80}","Trondelag",1665,"Sl_Tydal","UB",11423383,63047032,"2005",2008,2015,2,"0,5",0.828131509418472,0.257999986410141,1.05834901441062,-0.0900000035762787,5.83400011062622,0.0525000002235174,1.36449998617172
"65","SLB","{57129549-D9CA-4F26-B5AE-C29A13078D06}","Trondelag",1664,"Selbu_Sl","B",10988518,63136555,"2002",2008,2015,2,"0,5",0.621776349386763,0.174999997019768,0.796064281961176,-0.162000000476837,3.6489999294281,0.061999998986721,1.12800002098083
"66","SLUB","{A8C429C7-4A54-444E-9356-18DE020C08D0}","Trondelag",1664,"Selbu_Sl","UB",10988881,6313596,"2002",2008,2015,2,"0,5",1.04207021931917,0.48199999332428,1.09367056365829,-0.206000000238419,3.77099990844727,0.068000003695488,1.99500000476837
"67","SSAB","{B0A908A0-978F-463C-8EA8-A03946B5F541}","Hedmark",221,"Stangeskovene Aurskog","B",11353306,5984871,"2007/8",2010,2018,5,"0,25",0.371960396300091,0.173499993979931,0.577496023459417,-0.00700000021606684,4.30000019073486,0.123999997973442,0.268750004470348
"68","SSAUB","{2AF93635-1E59-4308-9CF5-5F8DEC44711B}","Hedmark",221,"Stangeskovene Aurskog","UB",11354806,59848884,"2007/8",2010,2018,5,"0,25",0.622237875330634,0.221000000834465,0.847050605297963,-0.0719999969005585,5.15100002288818,0.12899999320507,0.930000007152557
"69","SSBB","{DAD88203-F15E-44EF-B6D7-420E15477D61}","Hedmark",420,"Stangeskovene Eidskog","B",11884357,59950178,"2007/8",2010,2016,5,"0,5",0.207524706087459,0.104999996721745,0.341936991268046,-0.0309999994933605,3.08500003814697,0.0570000000298023,0.217999994754791
"70","SSBUB","{91D4F204-343C-4696-A137-3B280BE596E5}","Hedmark",420,"Stangeskovene Eidskog","UB",11885225,59949846,"2007/8",2010,2016,5,"0,5",1.01280825379422,0.608999997377396,1.00082692958993,-0.00999999977648258,4.18599987030029,0.133250001817942,1.77899998426437
"71","STSKNB","{14734948-AF40-4074-9724-0EEE3F76AC41}","Hedmark",236,"Eidskog","B",11702825,6004316,"2008/9",2011,2016,2,"0,5",0.491529413281434,0.230000004172325,0.629511657290597,-0.0740000009536743,3.41300010681152,0.0989999994635582,0.568000018596649
"72","STSKNUB","{3B0E478D-8FE4-4AF9-B94B-24F8AD7E2CC8}","Hedmark",236,"Eidskog","UB",11703475,60043477,"2008/9",2011,2016,2,"0,5",0.39879729651997,0.175999999046326,0.592026181395198,-0.0860000029206276,3.31299996376038,0.0972500015050173,0.353749990463257
"73","THB","{75ED6522-F97E-4551-BBE9-DFE7265F359D}","Hedmark",221,"Truls Holm","B",11801503,59850496,"2007/8",2010,2017,2,"0,5",0.445465000593686,0.165500000119209,0.596209028747786,-0.0570000000298023,3.37199997901917,0.0549999997019768,0.709999978542328
"74","THUB","{D0053508-CE78-48E3-AB11-636D588C96CE}","Hedmark",221,"Truls Holm","UB",1180162,598511,"2007/8",2010,2017,2,"0,5",1.30657109156774,1.33149999380112,1.01717444511931,-0.0489999987185001,4.02799987792969,0.138999998569489,1.97674998641014
